"Part","Qty","References"
"2 x female header 1x20, 2.54 mm, 8.5 mm tall (both at A1, one per Pico side)","1","A1"
"Ceramic capacitor 1 µF, 50 V, X7R, radial, 5.08 mm lead spacing","1","C1"
"Electrolytic capacitor 22 µF, 16 V, radial, 5 mm diameter, 2.5 mm lead spacing","1","C14"
"Ceramic capacitor 100 nF, 50 V, X7R, radial, 5.08 mm lead spacing","10","C2,C4,C6-C13"
"Electrolytic capacitor 47 µF, 16 V, radial, 5 mm diameter, 2.5 mm lead spacing","2","C3,C5"
"BAT85 Schottky diode, DO-34","2","D1,D2"
"IDC box header 2x10, 2.54 mm, vertical","1","J3"
"3.5 mm stereo jack, CUI SJ1-3533NG or same footprint","1","J4"
"Female header 1x9, 2.54 mm, 8.5 mm tall","1","J5"
"IDC box header 2x20, 2.54 mm, vertical","2","J1,J2"
"Resistor 2.2 kΩ, 1/4 W, 1% metal film, axial, 10.16 mm lead spacing","1","R1"
"Resistor 10 kΩ, 1/4 W, 1% metal film, axial, 10.16 mm lead spacing","1","R3"
"Resistor 4.7 kΩ, 1/4 W, 1% metal film, axial, 10.16 mm lead spacing","2","R2,R5"
"Resistor 100 Ω, 1/4 W, 1% metal film, axial, 10.16 mm lead spacing","3","R4,R7,R10"
"Resistor 220 Ω, 1/4 W, 1% metal film, axial, 10.16 mm lead spacing","2","R6,R9"
"Resistor 1.8 kΩ, 1/4 W, 1% metal film, axial, 10.16 mm lead spacing","2","R8,R11"
"Tactile switch 6 x 6 mm, through-hole","1","SW1"
"DIP-32 socket, 15.24 mm (0.6 in) rows","1","U2"
"DIP-28 socket, 15.24 mm (0.6 in) rows","1","U4"
"DIP-40 socket, 15.24 mm (0.6 in) rows","2","U1,U3"
"DIP-16 socket, 7.62 mm (0.3 in) rows","2","U6,U8"
"DIP-14 socket, 7.62 mm (0.3 in) rows","2","U7,U9"
